"login","mdp_hash","genre","nom","prenom"
"bacheletg","8290c438b053682b46756193dc613ea1db7069bf973f65e0848a4bf23e2f3296","M","Bachelet","George"
"briominf","46b2f3aab78b094b9dbf791d92c2fc8a68bcae494b1be5f326fc7904e84ef910","F","Briomin","Fran�oise"
"chevalierl","12c731c9c41bb3d44844ad6b4cec6e40835b1c99960d508c84c8236e138c035f","M","Chevalier","Louis"
"clementa","44ee0c7fd53c2b849d12dd17567135a8c169228de970fcd39c8c1656a446eebe","M","Cl�ment","Antoine"
"dufourn","74058416bf214a10843d36a33318b56c89a10dc9544b78db3a081d07b7c1b624","F","Dufour","Nadine"
"dumontr","eaf5835612bb00cd3f57ea281bbe3899fb9a267b6421295929a21ffbf8272069","M","Dumont","Ren�"
"dupontj","5ddcb42a5b0652c3e10e34d0a29c9057bc94a94ff1ff797266760569bf51f2fb","F","Dupont","Josette"
"flanchetj","8eafdc91e959807fcc1b28ac6119fcf7f4d7760199a1ddb5793f63d5fd5a4a02","M","Flanchet","Julien"
"fontained","33ea66bd87fb477a37fa9e787f7fbd6a7bddf0522d20fe1b23a9b00a8b04d696","F","Fontaine","Dorian"
"fontanetp","af448b88526b2943c58f006f51dffe5133a38ac2fd804d15aba7139c381479a9","F","Fontanet","Patricia"
"guerinx","f8074b14bf6ce96c68650636dd1f9b54eeab8f39a312f0b36c35400ca34aae12","M","Gu�rin","Xavier"
"jauberta","486cbe86b6c5d5c5f864c43ddb76bbe69e200e35cf8e8aadf728f287335cd1f1","M","Jaubert","Andr�"
"lajauniep","5aebbb4be45d8f94ed7704b1c57c8e4ef7c1aba21912e0c0aa3883bdb4e89b77","M","Lajaunie","Patrick"
"lambertf","3e69fe5f88e830f52c2e5fac0c9ebde4ce48c97da28810fec92d535fa2eb3f1e","F","Lambert","Fabienne"
"lefebvrel","0ccb2b2fc7dddd5c993e3b9f094418e601f23fb28f8f24ee61e93c5b8473f7e1","F","Lefebvre","Laeticia"
"legrandj","4e6feb253456f63409995c8a7b7d2dbe62019262eac5def2ec3b562a47039cb3","M","Legrand","J�r�mie"
"lemaireb","a0dd6e18fcfc05dfb599976e8f6a62e0fd78695f41253a2425d0f61c9070f21a","F","Lemaire","B�atrice"
"lerouxs","3f5641b3d72fcc07b764443bc183cb0b527d2879b69ab4ce640a981cd04d50fa","M","Leroux","Simon"
"marchandr","9b58fc59c13820d768d18d97e041ae3b79fd9147b3c1a74f08194b43eb6c3572","M","Marchand","Ren�"
"martinezi","e7a61b64dce400c815e28e8086a8d48d9ad7731fe1c0002e5fc3a4741d3fdf60","F","Martinez","Isabelle"
"martinoa","9e9ac1ec6ce6a3a1c2ecb879fbf4fa1562f4374108518f3593db3413aba57e1b","M","Martino","Alain"
"micheletr","895f6ca4ad04ca694fbcd17fc50de2d3bad1d8972ac15cdfc6040f9674c0cfa0","M","Michelet","Raoul"
"nicolast","4c3b8c912789e30c7b7d728c8a9b36acda76be38f0cf79c4a205f32a9ae5df61","M","Nicolas","Thierry"
"rousselb","0043b976fd015ebb5087a8c4e974f3738d59cc12a8de67cb8c20c55801dc5c37","M","Roussel","Bernard"
"valettes","1376a06be4eea216ad119ae19352984bb7992ce7a4a0fdbcb36758d2090455ab","F","Valette","Sophie"
